<?xml version="1.0" encoding="UTF-8"?>
<GenRun Id="synth_1" LaunchPart="xc7z010clg400-1" LaunchTime="1727787511">
  <File Type="PA-TCL" Name="sistema_wrapper.tcl"/>
  <File Type="RDS-PROPCONSTRS" Name="sistema_wrapper_drc_synth.rpt"/>
  <File Type="REPORTS-TCL" Name="sistema_wrapper_reports.tcl"/>
  <File Type="RDS-RDS" Name="sistema_wrapper.vds"/>
  <File Type="RDS-UTIL" Name="sistema_wrapper_utilization_synth.rpt"/>
  <File Type="RDS-UTIL-PB" Name="sistema_wrapper_utilization_synth.pb"/>
  <File Type="RDS-DCP" Name="sistema_wrapper.dcp"/>
  <File Type="VDS-TIMINGSUMMARY" Name="sistema_wrapper_timing_summary_synth.rpt"/>
  <File Type="VDS-TIMING-PB" Name="sistema_wrapper_timing_summary_synth.pb"/>
  <FileSet Name="sources" Type="DesignSrcs" RelSrcDir="$PSRCDIR/sources_1">
    <Filter Type="Srcs"/>
    <File Path="$PSRCDIR/sources_1/bd/sistema/sistema.bd">
      <FileInfo>
        <Attr Name="UsedIn" Val="synthesis"/>
        <Attr Name="UsedIn" Val="implementation"/>
        <Attr Name="UsedIn" Val="simulation"/>
      </FileInfo>
    </File>
    <File Path="$PSRCDIR/sources_1/bd/sistema/hdl/sistema_wrapper.vhd">
      <FileInfo>
        <Attr Name="UsedIn" Val="synthesis"/>
        <Attr Name="UsedIn" Val="simulation"/>
      </FileInfo>
    </File>
    <Config>
      <Option Name="DesignMode" Val="RTL"/>
      <Option Name="TopModule" Val="sistema_wrapper"/>
      <Option Name="TopAutoSet" Val="TRUE"/>
    </Config>
  </FileSet>
  <FileSet Name="constrs_in" Type="Constrs" RelSrcDir="$PSRCDIR/constrs_1">
    <Filter Type="Constrs"/>
    <Config>
      <Option Name="ConstrsType" Val="XDC"/>
    </Config>
  </FileSet>
  <Strategy Version="1" Minor="2">
    <StratHandle Name="Vivado Synthesis Defaults" Flow="Vivado Synthesis 2018">
      <Desc>Vivado Synthesis Defaults</Desc>
    </StratHandle>
    <Step Id="synth_design"/>
  </Strategy>
  <BlockFileSet Type="BlockSrcs" Name="sistema_protocheck_ip_0_0"/>
  <BlockFileSet Type="BlockSrcs" Name="sistema_processing_system7_0_0"/>
  <BlockFileSet Type="BlockSrcs" Name="sistema_rst_ps7_0_50M_0"/>
  <BlockFileSet Type="BlockSrcs" Name="sistema_auto_pc_0"/>
</GenRun>
