<?xml version="1.0"?>
<Runs Version="1" Minor="0">
	<Run Id="sistema_processing_system7_0_0_synth_1" LaunchDir="C:/Working/MyS/Sistema_PLC/Sintesis/sistema_plc.runs/sistema_processing_system7_0_0_synth_1" FlowId="Vivado_Synthesis" FromStepId="vivado" ToStepId="vivado"/>
	<Run Id="sistema_protocheck_ip_0_0_synth_1" LaunchDir="C:/Working/MyS/Sistema_PLC/Sintesis/sistema_plc.runs/sistema_protocheck_ip_0_0_synth_1" FlowId="Vivado_Synthesis" FromStepId="vivado" ToStepId="vivado"/>
	<Run Id="sistema_rst_ps7_0_50M_0_synth_1" LaunchDir="C:/Working/MyS/Sistema_PLC/Sintesis/sistema_plc.runs/sistema_rst_ps7_0_50M_0_synth_1" FlowId="Vivado_Synthesis" FromStepId="vivado" ToStepId="vivado"/>
	<Run Id="sistema_auto_pc_0_synth_1" LaunchDir="C:/Working/MyS/Sistema_PLC/Sintesis/sistema_plc.runs/sistema_auto_pc_0_synth_1" FlowId="Vivado_Synthesis" FromStepId="vivado" ToStepId="vivado"/>
	<Run Id="synth_1" LaunchDir="C:/Working/MyS/Sistema_PLC/Sintesis/sistema_plc.runs/synth_1" FlowId="Vivado_Synthesis" FromStepId="vivado" ToStepId="vivado">
		<Parent Id="sistema_processing_system7_0_0_synth_1"/>
		<Parent Id="sistema_protocheck_ip_0_0_synth_1"/>
		<Parent Id="sistema_rst_ps7_0_50M_0_synth_1"/>
		<Parent Id="sistema_auto_pc_0_synth_1"/>
	</Run>
	<Run Id="impl_1" LaunchDir="C:/Working/MyS/Sistema_PLC/Sintesis/sistema_plc.runs/impl_1" FlowId="Vivado_Implementation" FromStepId="init_design" ToStepId="write_bitstream">
		<Parent Id="synth_1"/>
		<Parent Id="sistema_processing_system7_0_0_synth_1"/>
		<Parent Id="sistema_protocheck_ip_0_0_synth_1"/>
		<Parent Id="sistema_rst_ps7_0_50M_0_synth_1"/>
		<Parent Id="sistema_auto_pc_0_synth_1"/>
	</Run>
</Runs>

