<?xml version="1.0" encoding="UTF-8"?>
<GenRun Id="synth_1" LaunchPart="xc7k70tfbv676-1" LaunchTime="1727734932">
  <File Type="PA-TCL" Name="protocheck_ip_v1_0.tcl"/>
  <File Type="RDS-PROPCONSTRS" Name="protocheck_ip_v1_0_drc_synth.rpt"/>
  <File Type="REPORTS-TCL" Name="protocheck_ip_v1_0_reports.tcl"/>
  <File Type="RDS-RDS" Name="protocheck_ip_v1_0.vds"/>
  <File Type="RDS-UTIL" Name="protocheck_ip_v1_0_utilization_synth.rpt"/>
  <File Type="RDS-UTIL-PB" Name="protocheck_ip_v1_0_utilization_synth.pb"/>
  <File Type="RDS-DCP" Name="protocheck_ip_v1_0.dcp"/>
  <File Type="VDS-TIMINGSUMMARY" Name="protocheck_ip_v1_0_timing_summary_synth.rpt"/>
  <File Type="VDS-TIMING-PB" Name="protocheck_ip_v1_0_timing_summary_synth.pb"/>
  <FileSet Name="sources" Type="DesignSrcs" RelSrcDir="$PSRCDIR/sources_1">
    <Filter Type="Srcs"/>
    <File Path="$PPRDIR/../../../../../Working/MyS/IP_Repo/protocheck_ip/ip_repo/protocheck_ip_1.0/src/comparador.vhd">
      <FileInfo>
        <Attr Name="UsedIn" Val="synthesis"/>
        <Attr Name="UsedIn" Val="simulation"/>
      </FileInfo>
    </File>
    <File Path="$PPRDIR/../../../../../Working/MyS/IP_Repo/protocheck_ip/ip_repo/protocheck_ip_1.0/src/ffd.vhd">
      <FileInfo>
        <Attr Name="UsedIn" Val="synthesis"/>
        <Attr Name="UsedIn" Val="simulation"/>
      </FileInfo>
    </File>
    <File Path="$PPRDIR/../../../../../Working/MyS/IP_Repo/protocheck_ip/ip_repo/protocheck_ip_1.0/src/genEna.vhd">
      <FileInfo>
        <Attr Name="UsedIn" Val="synthesis"/>
        <Attr Name="UsedIn" Val="simulation"/>
      </FileInfo>
    </File>
    <File Path="$PPRDIR/../../../../../Working/MyS/IP_Repo/protocheck_ip/ip_repo/protocheck_ip_1.0/src/shiftreg.vhd">
      <FileInfo>
        <Attr Name="UsedIn" Val="synthesis"/>
        <Attr Name="UsedIn" Val="simulation"/>
      </FileInfo>
    </File>
    <File Path="$PPRDIR/../../../../../Working/MyS/IP_Repo/protocheck_ip/ip_repo/protocheck_ip_1.0/src/serializar.vhd">
      <FileInfo>
        <Attr Name="UsedIn" Val="synthesis"/>
        <Attr Name="UsedIn" Val="simulation"/>
      </FileInfo>
    </File>
    <File Path="$PPRDIR/../../../../../Working/MyS/IP_Repo/protocheck_ip/ip_repo/protocheck_ip_1.0/src/protocheck2.vhd">
      <FileInfo>
        <Attr Name="UsedIn" Val="synthesis"/>
        <Attr Name="UsedIn" Val="simulation"/>
      </FileInfo>
    </File>
    <File Path="$PPRDIR/../../../../../Working/MyS/IP_Repo/protocheck_ip/ip_repo/protocheck_ip_1.0/hdl/protocheck_ip_v1_0_S00_AXI.vhd">
      <FileInfo>
        <Attr Name="UsedIn" Val="synthesis"/>
        <Attr Name="UsedIn" Val="simulation"/>
      </FileInfo>
    </File>
    <File Path="$PPRDIR/../../../../../Working/MyS/IP_Repo/protocheck_ip/ip_repo/protocheck_ip_1.0/hdl/protocheck_ip_v1_0.vhd">
      <FileInfo>
        <Attr Name="UsedIn" Val="synthesis"/>
        <Attr Name="UsedIn" Val="simulation"/>
      </FileInfo>
    </File>
    <File Path="$PPRDIR/../../../../../Working/MyS/IP_Repo/protocheck_ip/ip_repo/protocheck_ip_1.0/component.xml">
      <FileInfo SFType="IPXACT"/>
    </File>
    <Config>
      <Option Name="DesignMode" Val="RTL"/>
      <Option Name="TopModule" Val="protocheck_ip_v1_0"/>
      <Option Name="TopRTLFile" Val="$PPRDIR/../../../../../Working/MyS/IP_Repo/protocheck_ip/ip_repo/protocheck_ip_1.0/hdl/protocheck_ip_v1_0.vhd"/>
    </Config>
  </FileSet>
  <FileSet Name="constrs_in" Type="Constrs" RelSrcDir="$PSRCDIR/constrs_1">
    <Filter Type="Constrs"/>
    <Config>
      <Option Name="ConstrsType" Val="XDC"/>
    </Config>
  </FileSet>
  <Strategy Version="1" Minor="2">
    <StratHandle Name="Vivado Synthesis Defaults" Flow="Vivado Synthesis 2018">
      <Desc>Vivado Synthesis Defaults</Desc>
    </StratHandle>
    <Step Id="synth_design"/>
  </Strategy>
</GenRun>
